15102362151,1参数51,2参数51,3参数51,4参数51,5参数51,6参数51,7参数51,8参数51,9参数51,10参数51
15102362152,1参数52,2参数52,3参数52,4参数52,5参数52,6参数52,7参数52,8参数52,9参数52,10参数52
15102362153,1参数53,2参数53,3参数53,4参数53,5参数53,6参数53,7参数53,8参数53,9参数53,10参数53
15102362154,1参数54,2参数54,3参数54,4参数54,5参数54,6参数54,7参数54,8参数54,9参数54,10参数54
15102362155,1参数55,2参数55,3参数55,4参数55,5参数55,6参数55,7参数55,8参数55,9参数55,10参数55
15102362156,1参数56,2参数56,3参数56,4参数56,5参数56,6参数56,7参数56,8参数56,9参数56,10参数56
15102362157,1参数57,2参数57,3参数57,4参数57,5参数57,6参数57,7参数57,8参数57,9参数57,10参数57
15102362158,1参数58,2参数58,3参数58,4参数58,5参数58,6参数58,7参数58,8参数58,9参数58,10参数58
15102362159,1参数59,2参数59,3参数59,4参数59,5参数59,6参数59,7参数59,8参数59,9参数59,10参数59
15102362160,1参数60,2参数60,3参数60,4参数60,5参数60,6参数60,7参数60,8参数60,9参数60,10参数60
15102362161,1参数61,2参数61,3参数61,4参数61,5参数61,6参数61,7参数61,8参数61,9参数61,10参数61
15102362162,1参数62,2参数62,3参数62,4参数62,5参数62,6参数62,7参数62,8参数62,9参数62,10参数62
15102362163,1参数63,2参数63,3参数63,4参数63,5参数63,6参数63,7参数63,8参数63,9参数63,10参数63
15102362164,1参数64,2参数64,3参数64,4参数64,5参数64,6参数64,7参数64,8参数64,9参数64,10参数64
15102362165,1参数65,2参数65,3参数65,4参数65,5参数65,6参数65,7参数65,8参数65,9参数65,10参数65
15102362166,1参数66,2参数66,3参数66,4参数66,5参数66,6参数66,7参数66,8参数66,9参数66,10参数66
15102362167,1参数67,2参数67,3参数67,4参数67,5参数67,6参数67,7参数67,8参数67,9参数67,10参数67
15102362168,1参数68,2参数68,3参数68,4参数68,5参数68,6参数68,7参数68,8参数68,9参数68,10参数68
15102362169,1参数69,2参数69,3参数69,4参数69,5参数69,6参数69,7参数69,8参数69,9参数69,10参数69
15102362170,1参数70,2参数70,3参数70,4参数70,5参数70,6参数70,7参数70,8参数70,9参数70,10参数70
15102362171,1参数71,2参数71,3参数71,4参数71,5参数71,6参数71,7参数71,8参数71,9参数71,10参数71
15102362172,1参数72,2参数72,3参数72,4参数72,5参数72,6参数72,7参数72,8参数72,9参数72,10参数72
15102362173,1参数73,2参数73,3参数73,4参数73,5参数73,6参数73,7参数73,8参数73,9参数73,10参数73
15102362174,1参数74,2参数74,3参数74,4参数74,5参数74,6参数74,7参数74,8参数74,9参数74,10参数74
15102362175,1参数75,2参数75,3参数75,4参数75,5参数75,6参数75,7参数75,8参数75,9参数75,10参数75
15102362176,1参数76,2参数76,3参数76,4参数76,5参数76,6参数76,7参数76,8参数76,9参数76,10参数76
15102362177,1参数77,2参数77,3参数77,4参数77,5参数77,6参数77,7参数77,8参数77,9参数77,10参数77
15102362178,1参数78,2参数78,3参数78,4参数78,5参数78,6参数78,7参数78,8参数78,9参数78,10参数78
15102362179,1参数79,2参数79,3参数79,4参数79,5参数79,6参数79,7参数79,8参数79,9参数79,10参数79
15102362180,1参数80,2参数80,3参数80,4参数80,5参数80,6参数80,7参数80,8参数80,9参数80,10参数80
